{"cameraMode":{"drawMode":0,"name":"Shaded","section":"Shading Mode"},"sceneLighting":false,"audioPlay":false,"sceneViewState":{"showFog":true,"showMaterialUpdate":false,"showSkybox":false,"showFlares":true,"showImageEffects":true,"showParticleSystems":true},"in2DMode":false,"pivot":{"x":-2.819917678833008,"y":0.07057839632034302,"z":0.8952572345733643},"rotation":{"x":0.09362301230430603,"y":-0.8500229716300964,"z":0.16154827177524568,"w":0.49266108870506289},"size":1.5758737325668336,"orthographic":false}