{"cameraMode":{"drawMode":0,"name":"Shaded","section":"Shading Mode"},"sceneLighting":false,"audioPlay":false,"sceneViewState":{"showFog":true,"showMaterialUpdate":false,"showSkybox":false,"showFlares":true,"showImageEffects":true,"showParticleSystems":true},"in2DMode":false,"pivot":{"x":1.3399991989135743,"y":0.3563913106918335,"z":-0.018074750900268556},"rotation":{"x":0.18523146212100984,"y":-0.6875446438789368,"z":0.18832118809223176,"w":0.6764765381813049},"size":4.754542350769043,"orthographic":false}